{
  "logs": [
    {
      "id": 1753175508802,
      "downTime": "2025-07-22T09:11:48.802Z",
      "reason": "Uncaught Exception: Unknown interaction",
      "upTime": null,
      "duration": null
    },
    {
      "id": 1753175508833,
      "downTime": "2025-07-22T09:11:48.833Z",
      "reason": "Uncaught Exception: Unknown interaction",
      "upTime": "2025-07-22T09:11:51.361Z",
      "duration": "2s"
    },
    {
      "id": 1753175519177,
      "downTime": "2025-07-22T09:11:59.177Z",
      "reason": "Uncaught Exception: Unknown interaction",
      "upTime": "2025-07-22T09:28:47.021Z",
      "duration": "16m 47s"
    },
    {
      "id": 1753180877788,
      "downTime": "2025-07-22T10:41:17.788Z",
      "reason": "Uncaught Exception: listen EADDRINUSE: address already in use :::8080",
      "upTime": null,
      "duration": null
    },
    {
      "id": 1753181331960,
      "downTime": "2025-07-22T10:48:51.960Z",
      "reason": "Unhandled Rejection: TypeError: Cannot read properties of null (reading 'avatarURL')",
      "upTime": null,
      "duration": null
    },
    {
      "id": 1753185600149,
      "downTime": "2025-07-22T12:00:00.149Z",
      "reason": "Invalid Token",
      "upTime": "2025-07-22T12:04:24.933Z",
      "duration": "4m 24s"
    },
    {
      "id": 1753193994361,
      "downTime": "2025-07-22T14:19:54.361Z",
      "reason": "Uncaught Exception: listen EADDRINUSE: address already in use :::8080",
      "upTime": null,
      "duration": null
    },
    {
      "id": 1753193994362,
      "downTime": "2025-07-22T14:19:54.362Z",
      "reason": "Uncaught Exception: listen EADDRINUSE: address already in use :::8080",
      "upTime": "2025-07-22T14:19:57.096Z",
      "duration": "2s"
    },
    {
      "id": 1753202669377,
      "downTime": "2025-07-22T16:44:29.377Z",
      "reason": "Unhandled Rejection: DiscordAPIError[50013]: Missing Permissions",
      "upTime": "2025-07-22T16:57:31.040Z",
      "duration": "13m 1s"
    }
  ]
}